"row_n";"Ca";"CALORIES";"Carbohydrate";"Cholesterol";"Dietary  Fiber";"FAT";"Fat, saturated";"Fe";"K";"Na";"Protein";"Total Trans FA";"Vitamin A";"Vitamin C"
"344922 TRUE";59;112;16.9;0;7.4;3;0.3;2.7;284;761;10.8;0.1;0;0
"356539 FALSE";0;119;1.19;54;0;5.36;1.79;0.86;0;1060;17.86;0;0;0
"356798 FALSE";0;170;0;62;0;8.93;2.68;0.64;0;62;20.54;0;0;0
"357261 TRUE";22;272;13.04;0;4.3;13.04;1.09;1.96;0;565;25;0;0;0
"357361 FALSE";0;289;2.22;78;0;26.67;8.89;0.8;0;889;11.11;0;444;0
"357928 FALSE";100;183;5;67;0;13.33;4.17;1.2;0;850;8.33;0;333;2
"358045 FALSE";13;253;0;70;0;20;8;1.8;0;67;17.33;0;0;0
"358047 FALSE";18;155;1.33;49;0;8.41;0.22;0.64;230;425;18.14;0;44;2.1
"358497 FALSE";18;205;0.89;54;0;16.07;8.93;0.64;0;527;8.93;0;446;1.1
"358498 FALSE";18;107;0;58;0;0.89;0;0.64;0;67;23.21;0;0;1.1
"358746 FALSE";71;196;0;58;0;14.29;7.14;1.61;0;277;16.07;0;0;0
"358747 FALSE";0;131;0;60;0;7.14;3.57;1.71;0;940;17.86;0;0;0
"358997 FALSE";0;188;0;85;0;12.5;3.57;0.96;0;80;17.86;0;89;2.1
"359601 FALSE";0;107;3.57;54;0;7.14;1.79;1.29;0;911;14.29;0;0;0
"360594 FALSE";0;232;25;98;0;14.29;5.36;1.29;0;554;0;0;0;0
"360610 FALSE";18;223;0;76;0;16.07;4.46;0.96;0;71;18.75;0;179;1.1
"360611 FALSE";18;161;0;80;0;8.93;2.23;0.96;0;85;19.64;0;89;3.2
"360612 FALSE";0;116;0.89;344;0;4.46;1.79;9.64;0;71;16.96;0;11161;18.8
"360613 FALSE";18;155;1.33;49;0;8.41;0.22;0.64;230;425;18.14;0;44;2.1
"360614 FALSE";48;119;1.19;65;0;4.17;1.19;1.71;0;619;19.05;0;119;0
"360615 FALSE";0;232;1.79;45;0;17.86;8.93;0.64;0;45;16.07;0;0;0
"360616 FALSE";18;205;0.89;54;0;16.07;8.93;0.64;0;527;8.93;0;446;1.1
"360617 FALSE";0;250;1.19;65;0;19.05;7.14;0.86;0;726;15.48;0;119;2.9
"360618 FALSE";18;205;0.89;54;0;16.07;8.93;0.64;0;527;8.93;0;446;1.1
"360619 FALSE";0;205;0.89;54;0;16.07;8.93;0.64;0;482;8.93;0;446;1.1
"360948 FALSE";0;170;0;71;0;10.71;3.12;0;0;36;18.75;0;0;0
"360976 FALSE";18;107;0;58;0;1.79;0;0.64;0;67;23.21;0;0;1.1
"361383 FALSE";18;107;2.68;49;0;1.34;0;0.96;0;580;19.64;0;179;2.1
"361384 FALSE";18;107;0;58;0;0.89;0;0.64;0;67;23.21;0;0;1.1
"361454 FALSE";0;116;4.46;45;0;3.57;1.34;0.64;0;357;16.96;0;0;0
"361455 FALSE";0;125;3.57;40;0;4.46;1.79;0.64;0;455;17.86;0;0;0
"361456 FALSE";71;107;1.79;40;0;3.57;1.34;0.32;0;375;16.96;0;0;0
"361457 FALSE";0;116;0.89;40;0;4.46;1.79;0.32;0;330;16.96;0;0;0
"362440 FALSE";0;545;0;91;0;36.36;13.64;0;0;1818;36.36;0;0;0
"365879 FALSE";61;303;3.03;61;0;25.76;9.09;0.55;0;939;12.12;0;0;0
"367494 FALSE";0;304;3.57;62;0;26.79;8.93;0.64;0;911;10.71;0;0;0
"368113 FALSE";21;245;1.06;69;0;19.15;6.38;1.15;0;574;15.96;0;106;1.3
"368118 FALSE";14;156;1.41;69;0;8.45;2.82;1.77;0;587;18.31;0;0;0
"368367 FALSE";0;130;0;93;0;3.7;1.85;2;0;593;22.22;0;0;0
"368368 FALSE";21;245;1.06;69;0;19.15;6.38;1.15;0;574;15.96;0;106;1.3
"368369 FALSE";21;245;1.06;69;0;19.15;6.38;1.15;0;574;15.96;0;106;1.3
"368371 FALSE";0;241;0;65;0;18.52;7.41;1.33;0;574;16.67;0;0;0
"368378 FALSE";21;128;1.06;90;0;4.26;1.06;2.3;0;585;21.28;0;213;1.3
"368379 FALSE";21;117;1.06;74;0;4.26;1.06;1.15;0;596;19.15;0;213;3.8
"368387 FALSE";21;128;1.06;90;0;4.26;1.06;2.3;0;585;21.28;0;106;1.3
"368388 FALSE";0;130;0;93;0;3.7;1.85;2;0;593;22.22;0;0;0
"368402 FALSE";21;117;1.06;74;0;3.19;1.06;1.15;0;596;19.15;0;213;3.8
"368434 FALSE";18;214;0;89;0;15.18;4.02;1.29;0;71;18.75;0;670;2.1
"369374 FALSE";0;500;0;143;0;42.86;14.29;2.57;0;1643;35.71;0;0;0
"369375 FALSE";0;500;0;143;0;42.86;14.29;2.57;0;1143;35.71;0;0;0
"370031 FALSE";36;200;1.82;64;0;16.36;2.73;1.31;0;600;14.55;0;727;2.2
"370032 FALSE";36;143;3.57;54;1.8;5.36;1.79;1.93;0;464;19.64;0;0;2.1
"374938 FALSE";0;143;4.46;40;0;5.36;2.23;0.64;0;554;17.86;0;0;0
"374939 FALSE";0;196;4.46;71;0;9.82;2.68;0.96;0;500;23.21;0;89;0
"374940 FALSE";0;116;2.68;45;0;4.02;1.34;0.96;0;393;17.86;0;89;0
"374956 FALSE";18;134;0.89;45;0;6.25;2.23;0.64;0;518;18.75;0;0;1.1
"374961 FALSE";0;304;1.79;62;0;28.57;10.71;1.29;500;821;10.71;0.89;0;0
"374963 FALSE";0;321;5.36;62;0;28.57;10.71;1.29;500;893;10.71;0.89;0;0
"374999 FALSE";0;667;0;100;0;66.67;20;0;0;833;6.67;0;0;0
"375005 FALSE";0;152;0;58;0;8.93;2.68;0;0;143;18.75;0;0;0
"375007 FALSE";0;98;0;58;0;2.23;0.45;0;0;161;20.54;0;0;0
"375008 FALSE";0;116;0;80;0;6.25;1.79;0.96;0;143;16.07;0;0;0
"375009 FALSE";0;196;0;94;0;15.18;4.46;0;0;170;15.18;0;0;0
"375011 FALSE";0;98;0;58;0;2.23;0.45;0;0;134;20.54;0;0;0
"375013 FALSE";0;188;0;80;0;13.39;4.02;0.32;0;134;16.96;0;0;0
"375021 FALSE";0;667;0;100;0;66.67;20;0;0;833;6.67;0;0;0
"375022 FALSE";0;89;0;62;0;0.45;0;0;0;98;19.64;0;0;0
"375024 FALSE";0;98;0;58;0;2.23;0.45;0;0;161;20.54;0;0;0
"377912 FALSE";0;195;0;58;0;15.04;5.31;1.27;0;982;12.39;0;0;0
"378165 FALSE";18;214;0;76;0;16.07;4.46;0.96;0;71;18.75;0;179;1.1
"378242 FALSE";18;161;0;80;0;8.93;2.23;0.96;0;85;19.64;0;89;3.2
"378251 FALSE";18;107;0;58;0;0.89;0;0.64;0;67;23.21;0;0;1.1
"378259 FALSE";18;214;0;85;0;15.18;4.46;0.96;0;76;16.96;0;179;2.1
"378335 FALSE";0;179;0;58;0;13.39;5.36;1.29;0;982;13.39;0;0;0
"378545 FALSE";0;98;3.57;49;0;1.79;0.45;0.96;0;393;16.07;0;179;0
"378546 FALSE";18;125;3.57;45;0;5.36;1.79;0.64;0;429;16.96;0;179;0
"378549 FALSE";0;89;1.79;54;0;1.79;0.45;0.96;0;170;16.96;0;0;0
"378552 FALSE";0;107;5.36;49;0;1.79;0.45;0.96;0;545;16.07;0;0;0
"378556 FALSE";18;98;3.57;49;0;1.79;0.45;0.96;0;295;16.96;0;89;0
"378557 FALSE";18;116;1.79;45;0;4.46;1.34;0.96;0;223;16.96;0;0;1.1
"378562 FALSE";0;125;0;45;0;5.36;1.79;1.29;0;857;18.75;0;0;0
"378627 FALSE";0;205;0;76;0;14.29;5.36;1.29;0;76;17.86;0;0;0
"378699 FALSE";0;214;0;76;0;15.18;4.46;0.96;0;259;18.75;0;179;1.1
"379983 FALSE";21;245;1.06;69;0;19.15;6.38;1.15;0;574;15.96;0;106;1.3
"381441 FALSE";0;143;1.79;76;0.9;8.04;2.68;0.64;0;679;16.96;0;0;0
"381442 FALSE";0;143;1.79;76;0.9;8.04;2.68;0.64;0;679;16.07;0;0;0
"381443 FALSE";0;179;0.89;54;0;10.71;2.23;0.96;0;518;19.64;0;0;0
"381782 FALSE";0;311;4.44;56;0;28.89;11.11;0.8;0;867;8.89;1.11;0;0
"382508 FALSE";0;98;3.57;58;0;1.34;0.45;2.41;0;652;18.75;0;0;0
"383482 FALSE";18;312;0;85;0;26.79;10.71;1.61;0;67;16.07;0;0;0
"383498 FALSE";18;250;0;71;0;19.64;8.04;1.61;0;67;16.96;0;0;0
"383555 FALSE";0;152;0;58;0;7.14;2.68;2.41;0;62;20.54;0;0;0
"383559 FALSE";24;153;1.18;59;0;8.24;2.94;0.42;0;224;18.82;0;0;0
"383597 FALSE";18;250;1.79;62;0;19.64;2.68;0.64;0;214;15.18;0;0;0
"386009 TRUE";33;132;23.14;0;5.8;2.07;0;2.98;438;372;7.44;0;413;4
"388618 FALSE";0;157;11.76;0;2;1.96;0;7.06;333;784;23.53;0;0;35.3
"390193 TRUE";73;109;9.09;0;3.6;0.91;0;4.91;509;491;18.18;0;0;0
"390230 TRUE";0;157;7.84;0;0;1.96;0;7.06;451;647;23.53;0;0;0
"390249 TRUE";0;128;4.26;0;0;2.13;0;7.66;319;915;21.28;0;0;0
"393824 FALSE";0;238;3.57;98;0;19.64;6.25;3.21;0;786;12.5;0;12500;4.3
"395850 FALSE";176;165;1.18;0;0;9.41;1.76;2.12;0;0;17.65;0;0;0
"396785 FALSE";0;107;3.57;54;0;1.19;0;0.86;0;1060;21.43;0;0;0
"396865 FALSE";0;219;12.5;47;0;14.06;6.25;0;0;562;6.25;0;625;0
"397584 FALSE";71;141;5.88;0;2.4;3.53;0;3.18;0;424;23.53;0;0;0
"397648 FALSE";0;116;0;71;0;2.68;0.45;0.32;0;45;22.32;0;0;0
"397870 FALSE";0;173;7.41;68;0;4.94;1.23;0;0;1000;24.69;0;0;0
"397966 FALSE";24;176;0;71;0;8.24;2.94;0.85;0;518;24.71;0;0;0
"397996 FALSE";0;143;1.79;54;0;5.36;1.79;0.64;0;821;19.64;0;0;0
"399476 FALSE";13;238;1.99;60;0.7;18.54;7.28;1.79;0;278;15.23;0.66;0;0.8
"401100 FALSE";0;219;0;53;0;15.79;5.26;1.58;0;246;17.54;0;0;0
"401150 FALSE";0;471;0;118;0;41.18;14.71;2.12;0;1824;29.41;0;0;0
"406466 FALSE";26;276;14.47;46;1.3;17.11;5.26;1.89;0;539;13.16;0;132;0
"406471 FALSE";26;276;14.47;46;1.3;17.11;5.26;1.89;0;539;13.16;0;132;0
"406477 FALSE";0;247;0;71;0;20;7.06;0.85;0;153;16.47;0;0;0
"406603 FALSE";0;188;0;85;0;14.29;4.02;0.64;0;125;13.39;0;0;0
"407450 FALSE";0;196;0;71;0;11.61;4.46;1.61;0;58;20.54;0;0;0
"408141 FALSE";0;223;0;80;0;16.96;8.04;2.41;0;85;17.86;0;0;0
"408190 FALSE";24;155;11.9;42;2.4;4.76;1.79;1.29;0;381;15.48;0;0;0
"411203 FALSE";0;135;0;73;0;8.33;2.08;0.75;0;646;16.67;0;0;0
"411237 FALSE";18;179;0;67;0;8.93;2.68;0.64;0;62;21.43;0;89;0
"411859 FALSE";35;124;0;75;0;5.31;1.77;1.59;0;372;19.47;0;0;0
"438730 FALSE";0;281;52.63;0;1.8;3.51;0;3.16;0;702;8.77;0;0;0
"447262 FALSE";0;250;0;71;0;19.64;8.04;1.61;0;67;16.96;0;0;0
"447263 FALSE";0;250;0;71;0;19.64;8.04;1.61;0;67;16.96;0;0;0
"447266 FALSE";0;179;0;67;0;9.82;4.02;2.41;0;67;19.64;0;0;0
"447856 FALSE";18;312;0;85;0;26.79;10.71;1.61;0;67;16.96;0;0;0
"447868 FALSE";20;250;0;70;0;20;8;1.8;0;65;17;0;0;0
"447870 FALSE";0;152;0;58;0;7.14;2.68;2.41;0;62;20.54;0;0;0
"448857 FALSE";0;179;0;62;0;9.82;4.02;1.61;0;49;21.43;0;0;0
"448886 FALSE";0;259;0;71;0;20.54;8.04;1.61;0;54;18.75;0;0;0
"449068 FALSE";0;357;0;71;0;32.14;12.5;1.93;0;1321;17.86;0;0;8.6
"449518 FALSE";0;304;5.36;62;0;28.57;10.71;1.29;482;857;10.71;0;0;0
"449944 FALSE";14;155;1.41;63;0;7.75;2.82;0.51;0;218;18.31;0;0;0
"449945 FALSE";19;155;1.41;61;0;7.98;2.82;0.51;0;221;18.78;0;0;0
"449947 FALSE";20;153;1.02;61;0;8.16;2.55;0.73;0;224;18.37;0;0;0
"451286 FALSE";0;340;10;70;0;28;12;0.72;0;1020;10;1;0;0
"452350 FALSE";0;214;0;67;0;15.18;6.25;2.41;0;67;18.75;0;0;0
"452367 FALSE";18;133;0;57;0;5.36;2.68;2.41;0;71;21.43;0;0;0
"453571 TRUE";22;156;3.33;0;1.1;8.89;1.11;2;100;478;13.33;0;0;0
"459824 FALSE";27;170;1.79;62;0;9.82;4.02;1.21;0;455;17.86;0;134;2.7
"461247 FALSE";49;329;2.44;73;0;26.83;9.76;0.88;0;854;17.07;0;0;0
"461251 FALSE";58;333;1.45;80;0;27.54;10.14;1.04;0;696;17.39;0;290;1.7
"461252 FALSE";58;333;2.9;72;0;26.09;8.7;1.04;0;638;17.39;0;0;0
"461253 FALSE";58;333;1.45;80;0;27.54;10.14;1.04;0;725;17.39;0;0;0
"461254 FALSE";49;317;3.66;73;0;25.61;8.54;0.88;0;854;17.07;0;0;0
"461391 FALSE";0;386;1.75;61;0;36.84;10.53;0.63;0;789;12.28;0;0;0
"462217 FALSE";21;302;3.12;62;0;26.04;10.42;1.5;0;844;14.58;0;0;0
"462220 FALSE";61;327;4.08;56;1;28.57;10.2;0.73;0;663;14.29;0;510;2.4
"463049 FALSE";18;150;1.77;75;0;8.85;2.65;1.59;0;372;16.81;0;88;2.1
"463050 FALSE";0;293;1.01;91;0;25.25;10.1;2.73;0;404;15.15;1.01;0;0
"463648 FALSE";19;155;1.41;61;0;7.98;2.82;0.51;0;221;18.78;0;0;0
"463775 FALSE";27;253;1.33;67;0;21.33;9.33;0.96;0;533;16;0;133;1.6
"465811 FALSE";0;304;0;65;0;28.26;10.87;0.78;0;1174;13.04;0;0;0
"466506 FALSE";0;175;3.51;44;0;8.77;3.51;1.26;0;509;17.54;0;0;0
"466509 FALSE";0;175;3.51;44;0;8.77;3.51;1.26;0;509;17.54;0;0;0
"467152 FALSE";0;131;9.52;42;0;4.76;1.19;1.29;0;310;14.29;0;0;5.7
"468328 FALSE";13;305;1.32;66;0;26.49;9.27;0.72;0;669;14.57;0;0;0
"468576 FALSE";36;357;3.57;71;0;32.14;12.5;1.29;0;929;14.29;0;0;0
"469925 FALSE";0;196;1.79;58;0;14.29;5.36;0.64;0;312;16.07;0;0;0
"470066 FALSE";0;107;0;40;0;3.57;1.34;0.32;0;509;18.75;0;0;0
"470148 FALSE";0;125;1.79;54;0;4.46;1.79;0.64;0;839;19.64;0;0;0
"473795 FALSE";89;200;4.44;78;0;15.56;4.44;1.6;0;711;11.11;0;0;20
"473834 FALSE";13;176;0;65;0;9.93;3.97;2.26;0;66;19.87;0.66;0;0
"474356 FALSE";18;250;0;71;0;19.64;8.04;1.61;0;67;16.96;0;0;0
"474362 FALSE";18;214;0;67;0;15.18;6.25;2.41;0;67;18.75;0;0;0
"474363 FALSE";0;152;0;58;0;7.14;2.68;2.41;0;62;20.54;0;0;0
"475393 FALSE";18;184;0;83;0;12.28;3.51;0.95;0;79;18.42;0;0;0
"479070 FALSE";0;240;1.33;67;0;18.67;6.67;0.96;0;573;16;0;0;0
"482516 FALSE";0;253;1.33;67;0;21.33;9.33;0.96;0;533;16;0;0;1.6
"482518 FALSE";0;253;1.33;67;0;21.33;9.33;0.96;0;533;16;0;0;1.6
"482732 FALSE";0;316;0;44;1.8;28.07;10.53;1.89;0;877;15.79;0;351;0
"482930 FALSE";0;336;0.71;104;0;26.43;9.29;1.93;0;529;24.29;0;0;0
"483228 FALSE";44;319;1.1;60;0;26.37;9.89;0.79;0;1000;12.09;0;110;0
"484098 FALSE";0;142;7.08;44;0;5.31;1.33;1.27;0;221;15.93;0;0;21.2
"484099 FALSE";35;211;10.53;70;0;12.28;3.51;0.63;0;772;14.04;0;0;0
"484102 FALSE";18;257;3.54;66;0;19.47;7.08;2.39;0;796;15.93;0.88;885;3.2
"484103 FALSE";0;113;1.76;62;0.4;2.46;0.53;0.38;0;278;20.42;0;106;1.7
"484104 FALSE";0;319;0;66;0;28.32;10.62;1.27;0;389;15.04;0.44;0;0
"484105 FALSE";0;230;0.88;62;0.9;18.58;7.08;1.59;0;301;15.04;0.88;885;8
"484106 FALSE";71;274;2.65;71;0;20.35;7.96;2.39;0;434;17.7;0.88;885;0
"484209 FALSE";0;286;3.57;80;0;19.64;8.93;1.93;0;786;21.43;0;0;0
"485829 FALSE";0;130;3.7;74;0;3.7;0;1.33;0;574;18.52;0;0;2.2
"487049 FALSE";0;312;0;0;0;26.79;0;0;0;0;15.18;0;0;0
"487094 FALSE";0;89;0;62;0;0.45;0;0;0;98;19.64;0;0;0
"487453 FALSE";0;250;0;71;0;19.64;8.04;1.61;0;67;16.96;0;0;0
"487455 FALSE";0;152;0;58;0;7.14;2.68;2.41;0;62;20.54;0;0;0
"488443 FALSE";0;195;0;53;0;12.39;6.19;1.59;0;53;20.35;0;0;0
"488444 FALSE";0;204;0;62;0;13.27;7.08;2.39;0;75;19.47;0.44;0;0
"491562 FALSE";0;153;1.18;82;0;3.53;1.18;0.85;0;659;28.24;0;0;0
"492785 TRUE";0;267;28.89;0;4.4;7.78;2.22;2.4;0;644;17.78;0;222;0
"494277 FALSE";0;223;0;89;0;17.86;5.36;0.32;0;71;15.18;0;0;0
"494278 FALSE";0;98;0;62;0;0.89;0;0;0;31;24.11;0;0;0
"494303 FALSE";0;143;0;89;0;5.36;1.79;0.64;0;491;24.11;0;0;1.1
"496351 FALSE";0;106;0;62;0;0.44;1.77;1.27;0;49;24.78;0;0;0
"499428 FALSE";18;107;0;58;0;0.89;0;0.64;0;67;23.21;0;0;1.1
"499430 FALSE";18;107;0;58;0;0.89;0;0.64;0;67;23.21;0;0;1.1
"501878 FALSE";0;107;0;45;0;1.34;0.45;0.64;0;67;23.21;0;0;0
"506031 FALSE";24;176;4.71;71;1.2;9.41;2.94;4.24;0;294;15.29;0;235;4.2
"506193 FALSE";0;152;0.89;54;0;8.93;4.46;2.41;0;58;19.64;0;0;0
"507604 FALSE";18;205;1.79;62;0.9;14.29;4.46;1.29;0;420;17.86;0;89;0
"507605 FALSE";18;205;1.79;62;0.9;14.29;4.46;1.29;0;420;17.86;0;89;0
"508381 FALSE";0;175;3.51;44;0;8.77;3.51;1.26;0;509;17.54;0;0;0
"508969 FALSE";0;321;1.79;71;0;28.57;10.71;0;0;768;12.5;0;0;0
"508990 FALSE";0;304;12.5;71;0;23.21;8.04;0.64;0;750;12.5;0;0;0
"509774 FALSE";18;188;0;112;0;13.39;4.02;0.64;0;71;16.07;0;89;0
"510338 FALSE";36;286;3.57;98;0;25;8.93;4.82;0;786;12.5;0;8929;4.3
"510384 FALSE";0;216;1.35;68;0;14.86;4.05;1.46;0;622;16.22;0;0;0
"510385 FALSE";18;179;0;67;0;9.82;3.12;1.29;0;143;20.54;0;0;0
"510961 FALSE";40;240;11;5;4;17;3;1.08;0;550;11;0.01;0;0
"511562 FALSE";36;134;0.89;58;0;4.46;1.79;1.61;0;571;21.43;0;0;0
"513932 FALSE";0;357;1.79;80;0;30.36;12.5;1.93;0;1286;17.86;0;0;0
"514313 FALSE";0;588;0;88;0;47.06;17.65;4.24;0;2941;41.18;0;0;0
"514974 FALSE";0;308;2.2;66;0;28.57;10.99;1.19;495;813;10.99;1.1;0;0
"515050 FALSE";0;152;0;62;0;7.14;3.12;2.41;0;67;20.54;0;0;0
"515139 FALSE";35;186;10.62;35;0.9;9.73;3.54;12.74;0;646;15.04;0;177;4.2
"515562 FALSE";0;179;1.79;80;0;12.5;5.36;2.57;0;1446;16.07;0;0;0
"516994 FALSE";0;214;0;67;0;15.18;6.25;2.41;0;67;18.75;0.89;0;0
"517422 FALSE";0;321;1.79;54;0;32.14;12.5;3.21;0;625;7.14;0;4464;0
"520542 FALSE";0;259;0;103;0;22.32;7.14;0.96;0;67;15.18;0;0;0
"520546 FALSE";18;304;0;76;0;26.79;9.82;1.61;0;67;15.18;0;0;0
"520584 FALSE";0;134;0;103;0;6.25;1.79;0.32;0;76;18.75;0;0;0
"522872 FALSE";18;214;0;67;0;15.18;5.36;2.41;0;67;18.75;0;0;0
"523067 FALSE";18;152;0;62;0;7.14;2.68;2.41;0;67;21.43;0;0;0
"523227 FALSE";0;107;0;62;0;0.89;0;1.29;0;49;25;0;0;0
"524368 FALSE";9;177;0;65;0;9.73;3.54;2.23;0;66;20.35;0.88;0;0
"524448 FALSE";0;214;3.57;54;0;16.07;5.36;0;0;643;17.86;0;0;0
"530484 FALSE";20;150;3;60;0;4;0.6;0.72;0;630;23;0;0;1.2
"531700 FALSE";16;234;15.62;43;0;12.5;3.12;0.56;0;992;14.06;0;0;0
"534266 FALSE";0;179;0;67;0;9.82;4.02;2.41;0;67;19.64;0;0;0
"534425 FALSE";18;254;0;67;0;20.09;7.59;1.21;0;51;18.3;0;0;0
"534704 FALSE";0;107;0;62;0;0.89;0;1.29;0;49;25;0;0;0
"535682 FALSE";36;268;1.79;54;0;21.43;8.93;1.61;0;580;16.07;0;0;0
"536319 FALSE";67;295;1.34;70;0;23.49;10.07;1.81;0;510;19.46;0;134;0
"538388 FALSE";0;143;0;94;0;8.93;2.68;0.96;0;76;16.96;0;0;0
"538830 FALSE";36;286;0;80;0;23.21;8.93;0.96;0;76;16.07;0;0;0
"539036 FALSE";0;195;0;58;0;15.04;5.31;1.27;0;973;12.39;0;0;0
"539041 FALSE";0;116;0;62;0;0.45;0;0;0;49;25;0;0;0
"539593 FALSE";0;500;0;83;0;41.67;12.5;0;0;1833;33.33;0;0;20
"539595 FALSE";36;179;0;45;0;12.5;6.25;0.96;0;393;17.86;0;0;0
"540127 FALSE";0;294;2.35;71;0;25.88;9.41;0.85;0;1165;12.94;0;0;0
"540343 FALSE";0;170;0;71;0;10.71;3.12;0;0;36;18.75;0;0;0
"540344 FALSE";0;98;0;49;0;0.45;0;0;0;36;23.21;0;0;0
"540345 FALSE";0;134;0;80;0;6.25;1.79;0.32;0;71;19.64;0;0;0
"540415 FALSE";47;212;0;71;0;17.65;7.06;2.12;0;435;12.94;0;0;0
"541657 FALSE";0;133;0;53;0;5.31;2.65;2.39;0;58;21.24;0;0;0
"541971 FALSE";143;250;5.36;116;0;19.64;4.46;1.29;0;875;12.5;0;357;2.1
"543550 FALSE";67;275;1.34;70;0;22.15;8.72;1.81;0;597;18.12;0;67;0
"544116 FALSE";0;127;0;36;0;3.64;1.82;0.65;0;455;23.64;0;0;0
"544215 FALSE";0;212;0.88;71;0;10.62;2.65;0.96;0;752;27.43;0;0;0
"545843 FALSE";54;248;2.01;67;0.7;19.46;8.05;1.81;0;463;16.11;0;201;8.1
"545911 FALSE";67;275;1.34;70;0;22.15;8.72;1.81;0;597;18.12;0;67;0
"547382 FALSE";0;89;0.89;40;0;1.34;0.36;0.32;0;509;18.75;0;0;0
"549051 FALSE";71;236;15.71;43;1.4;12.86;5;1.93;0;543;15;0;0;1.7
"549075 FALSE";0;143;0;71;0;7.14;2.23;1.61;0;76;19.64;0;0;0
"549737 FALSE";0;268;0;71;0;24.11;8.04;1.61;0;562;10.71;0;0;0
"549904 FALSE";43;236;6.43;43;1.4;16.43;6.43;1.93;0;450;14.29;0;71;4.3
"550898 FALSE";43;171;1.43;64;0;8.57;3.57;0.77;0;514;20.71;0;71;0
"551641 FALSE";18;161;7.14;58;0.9;8.04;2.23;1.61;0;321;19.64;0;0;0
"554021 FALSE";0;143;0;71;0;7.14;2.23;0.96;0;71;18.75;0;89;0
"554453 FALSE";0;152;0;58;0;7.14;2.68;2.41;0;62;20.54;0;0;0
"554455 FALSE";13;213;0;67;0;15.33;6;1.8;0;67;18.67;0;0;0
"555067 FALSE";9;174;0;56;0;9.39;3.29;0.68;0;45;21.13;0;0;0
"555751 FALSE";0;89;1.79;18;0;1.79;0;1.29;0;1393;16.07;0;0;10.7
"557350 FALSE";18;98;2.68;45;0;2.23;0.45;0.64;0;393;15.18;0;0;1.1
"557377 FALSE";0;214;0;62;0;15.18;6.25;1.61;0;67;18.75;0;0;0
"557557 FALSE";0;607;0;80;0;62.5;23.21;0;0;2714;7.14;0;0;0
"557682 FALSE";0;153;7.06;35;0;2.94;0;0.85;0;800;24.71;0;0;0
"557756 FALSE";0;196;0;71;0;11.61;4.46;1.61;0;58;20.54;0;0;0
"557766 FALSE";0;241;0;62;0;16.96;7.14;1.61;0;62;19.64;0;0;0
"557767 FALSE";0;170;0;40;0;8.04;3.12;1.61;0;58;22.32;0;0;0
"557787 FALSE";0;196;0;71;0;11.61;4.46;1.61;0;58;20.54;0;0;0
"558175 FALSE";0;304;0;65;0;28.26;10.87;0.78;0;1174;13.04;0;0;0
"560468 FALSE";18;143;1.79;80;0.4;5.36;1.79;1.29;0;429;17.86;0;446;1.1
"560496 FALSE";0;232;1.79;80;0;14.29;7.14;3.21;0;875;25;0;0;0
"566364 FALSE";18;98;2.68;45;0;2.68;0.45;0.64;0;393;15.18;0;0;1.1
"566365 FALSE";18;89;2.68;40;0.9;1.79;0;0.64;0;393;15.18;0;0;2.1
"567039 FALSE";0;266;1.06;74;0;23.4;8.51;1.53;0;702;13.83;0;0;0
"567053 FALSE";0;304;0.89;80;0;26.79;9.82;1.61;0;545;15.18;0;0;0
"568382 FALSE";0;143;0;71;0;7.14;1.79;1.29;0;152;19.64;0;0;0
"568672 FALSE";14;193;19.29;46;0;6.43;2.14;0.77;0;650;12.86;0;0;0
"569033 FALSE";71;318;0;112;0;27.06;11.76;1.69;0;1788;18.82;0;0;0
"571799 FALSE";18;204;13.27;31;0.9;11.5;1.77;0.32;0;460;12.39;0;0;0
"573642 FALSE";0;321;0;71;0;28.57;10.71;2.57;0;893;14.29;0;0;0
"576800 FALSE";18;214;0;67;0;15.18;6.25;1.61;0;67;18.75;0.89;0;0
"576862 FALSE";0;134;0;62;0;6.25;2.23;0.96;0;62;20.54;0;0;0
"576911 FALSE";13;253;0;70;0;20;8;1.8;0;67;17.33;1.33;0;0
"576931 FALSE";0;214;0;67;0;15.18;6.25;2.41;0;67;18.75;0.89;0;0
"576979 FALSE";70;158;10.53;0;1.8;7.02;0.88;3.16;281;228;12.28;0;702;0
"576980 FALSE";18;186;0;71;0;12.39;3.54;1.59;0;345;16.81;0;0;0
"577009 FALSE";18;133;0;62;0;3.98;1.33;0.64;0;62;23.01;0;0;0
"577037 FALSE";0;212;0;53;0;14.16;7.08;0.32;0;53;17.7;0;88;0
"577038 FALSE";0;106;0;49;0;2.65;0.88;3.19;0;44;21.24;0;0;0
"577039 FALSE";0;212;0.88;49;0;14.16;6.19;1.59;0;44;19.47;0;0;0
"577040 FALSE";0;133;0.88;53;0;4.42;2.21;2.39;0;49;21.24;0;0;0
"577041 FALSE";0;168;0;40;0;9.73;5.31;1.59;0;35;20.35;0;0;0
"577042 FALSE";0;212;0;49;0;15.04;7.08;1.59;0;44;20.35;0;88;0
"577043 FALSE";0;168;0.88;53;0;8.85;4.42;1.59;0;40;20.35;0;0;0
"577044 FALSE";0;115;0;49;0;3.1;1.33;2.39;0;44;21.24;0;0;0
"577045 FALSE";18;142;0;62;0;6.19;2.21;2.39;0;44;22.12;0;0;0
"577046 FALSE";0;133;0;53;0;4.42;2.21;2.39;0;44;22.12;0;0;0
"577047 FALSE";0;179;0;116;0;12.5;3.57;0.32;0;58;16.96;0;0;0
"577056 FALSE";0;188;0;54;0;11.61;7.14;0.96;0;58;18.75;0;0;1.1
"577057 FALSE";0;107;0;67;0;2.23;0.89;0.96;0;49;21.43;0;0;0
"577119 FALSE";18;214;0;89;0;15.18;4.02;1.29;0;71;18.75;0;670;2.1
"577120 FALSE";0;98;0;71;0;0.89;0;0.32;0;67;22.32;0;0;0
"577134 FALSE";0;214;0;71;0;15.18;6.25;1.61;0;67;18.75;0;0;0
"577182 FALSE";0;179;0;67;0;9.82;4.02;2.41;0;67;19.64;0;0;0
"577187 FALSE";18;195;0;75;0;12.39;4.42;1.59;0;53;20.35;0;0;0
"577188 FALSE";0;168;0;44;0;9.73;3.54;1.59;0;53;20.35;0;0;0
"577257 FALSE";0;232;0;71;0;17.86;7.14;1.61;0;71;17.86;0;0;0
"577266 FALSE";18;116;0;58;0;1.34;0;0.64;0;112;23.21;0;0;0
"577281 FALSE";18;214;0;67;0;15.18;6.25;2.41;0;67;18.75;0;0;0
"577282 FALSE";18;214;0;67;0;15.18;6.25;2.41;0;67;18.75;0;0;0
"577295 FALSE";0;106;0;62;0;1.77;0.44;0.64;0;80;22.12;0;0;0
"577296 FALSE";18;161;0;67;0;8.93;3.12;2.41;0;76;19.64;0;0;0
"577347 FALSE";0;286;0;71;0;25;8.04;2.41;0;54;16.07;0.89;0;0
"577351 FALSE";0;259;0;103;0;22.32;7.14;0.96;0;67;15.18;0;0;0
"577382 FALSE";0;239;0;106;0;19.47;6.19;0.96;0;111;15.04;0.44;88;0
"577386 FALSE";0;214;0;98;0;16.96;4.46;0.64;0;76;16.07;0;89;0
"577399 FALSE";18;161;0;80;0;8.93;2.23;0.96;0;85;19.64;0;89;3.2
"577402 FALSE";18;107;0;58;0;0.89;0;0.64;0;67;23.21;0;0;1.1
"577458 FALSE";0;268;0;80;0;18.75;7.14;0.96;0;152;22.32;0;0;0
"577465 FALSE";0;93;0;398;0;3.81;1.27;9.15;0;68;16.1;0;12288;0
"577469 FALSE";0;143;0;54;0;8.04;3.57;3.21;0;62;18.75;0;0;0
"577470 FALSE";0;223;0;89;0;17.86;5.36;0.32;0;71;15.18;0;0;0
"577471 FALSE";0;134;0;103;0;6.25;1.79;0.32;0;76;18.75;0;0;0
"577472 FALSE";0;185;0;64;0;11.79;5;2.41;0;57;18.48;0;0;0
"577475 FALSE";0;179;0;67;0;9.82;4.02;2.41;0;67;19.64;0;0;0
"577476 FALSE";0;857;0;67;0;94.64;52.68;0;0;9;1.79;0;0;0
"577477 FALSE";0;177;0;53;0;13.27;5.31;1.27;0;973;13.27;0;0;0
"577478 FALSE";0;116;0;125;0;4.02;1.34;4.02;0;98;17.86;0;0;2.1
"577479 FALSE";0;161;0;58;0;8.04;3.12;2.41;0;67;21.43;0;0;0
"577480 FALSE";0;152;0;62;0;8.04;3.12;1.61;0;134;17.86;0;0;0
"577699 FALSE";0;214;0;62;0;15.18;6.25;1.61;0;49;19.64;0;0;0
"577762 FALSE";12;265;0;76;0;20.59;8.24;1.59;0;68;17.65;0;0;0
"577799 FALSE";0;170;0;67;0;8.93;3.57;2.41;0;80;21.43;0;0;0
"577888 FALSE";0;152;0;58;0;7.14;2.68;2.41;0;62;20.54;0;0;0
"577895 FALSE";18;116;0;85;0;5.36;1.34;0.96;0;85;19.64;0;89;0
"577900 FALSE";0;214;0;71;0;15.18;6.25;8928.57;0;67;18.75;0;0;0
"577901 FALSE";0;259;0;71;0;20.54;8.04;8928.57;0;54;18.75;0;0;0
"577947 FALSE";18;107;0;58;0;0.89;0;0.64;0;67;23.21;0;0;1.1
"577949 FALSE";18;214;0;85;0;15.18;4.46;0.96;0;76;16.96;0;179;2.1
"577950 FALSE";0;116;0;62;0;2.68;0.45;0.32;0;62;21.43;0;0;0
"577951 FALSE";18;107;0;58;0;0.89;0;0.64;0;67;23.21;0;0;1.1
"577952 FALSE";18;170;0;62;0;8.93;2.68;0.64;0;62;20.54;0;89;0
"578032 FALSE";0;98;0;62;0;0.89;0;0;0;31;24.11;0;0;0
"578039 FALSE";18;125;0;69;0;3.57;1.12;0.64;0;58;21.88;0;0;0
"578095 FALSE";18;214;0;85;0;15.18;4.46;1.29;0;67;16.96;0;893;2.1
"578104 FALSE";89;170;4.46;58;0.9;8.93;2.68;2.41;0;616;16.07;0;89;5.4
"578105 FALSE";18;170;0;98;0;11.61;3.12;0.32;0;268;15.18;0;0;0
"578132 FALSE";0;214;0;67;0;15.18;6.25;2.41;0;67;19.64;0;0;0
"578133 FALSE";13;253;0;70;0;20;8;1.8;0;67;17.33;0;0;0
"578147 FALSE";18;142;0;97;0;6.19;3.54;3.19;372;62;21.24;0;0;0
"578155 FALSE";0;125;0;54;0;4.02;1.79;2.41;0;76;21.43;0;0;0
"578159 FALSE";18;241;0;71;0;17.86;8.04;1.61;0;58;17.86;0;0;0
"578172 FALSE";0;152;0;58;0;7.14;2.68;2.41;0;62;20.54;0;0;0
"578276 FALSE";18;116;0;85;0;4.02;0.89;0.96;0;89;19.64;0;89;0
"578285 FALSE";0;188;0;54;0;11.61;7.14;0.96;0;58;18.75;0;0;1.1
"578289 FALSE";0;116;0;54;0;2.68;0.45;6.43;0;49;22.32;0;0;0
"578307 FALSE";18;170;0;62;0;9.82;3.12;0.96;0;67;19.64;0;0;0
"578319 FALSE";18;205;0;71;0;15.18;4.46;1.29;0;71;16.96;0;0;0
"578323 FALSE";0;116;0;62;0;3.57;1.79;0.64;0;62;20.54;0;0;1.1
"578336 FALSE";7;125;0;94;0;4.02;0.89;0.89;242;94;19.64;0;0;0
"578337 FALSE";5;116;0;71;0;2.68;0.45;0;334;45;22.32;0;0;0
"578483 FALSE";0;241;0;67;0;17.86;8.93;1.61;0;58;19.64;0.89;0;3.2
"578501 FALSE";13;215;0;68;0;15.23;5.96;2.15;0;66;18.54;0.99;0;0
"578668 FALSE";0;125;0;62;0;3.12;1.34;2.41;0;67;22.32;0;0;0
"578699 FALSE";0;217;0;69;0;15.18;6.25;1.61;0;67;18.75;0;0;0
"578724 FALSE";0;214;0;67;0;15.18;6.25;2.41;0;67;18.75;0;0;0
"578856 FALSE";24;253;0;71;0;20;7.65;2.12;0;65;17.06;1.18;0;0
"578869 FALSE";0;214;0;67;0;15.18;6.25;2.41;0;67;18.75;0;0;0
"578895 FALSE";0;143;0;71;0;7.14;2.23;1.61;0;76;19.64;0;0;0
"578918 FALSE";0;214;0;67;0;15.18;6.25;2.41;0;67;18.75;0.89;0;0
"578984 FALSE";18;250;0;71;0;19.64;8.04;1.61;0;67;16.96;1.34;0;0
"578987 FALSE";0;214;0;67;0;15.18;6.25;2.41;0;67;18.75;0.89;0;0
"578989 FALSE";0;170;0;62;0;9.82;3.57;1.29;0;54;20.54;0;0;1.1
"578994 FALSE";0;293;0;77;0;25.33;10;1.8;0;67;16.67;0.67;0;0
"579028 FALSE";54;107;0.89;58;0;1.34;0.36;0.96;0;321;19.64;0;0;0
"579048 FALSE";0;196;0;58;0;12.5;5.36;1.29;0;58;21.43;0;0;1.1
"579110 FALSE";54;107;0.89;58;0;1.34;0.36;0.96;0;321;19.64;0;0;0
"579157 FALSE";0;248;0;71;0;19.47;7.08;1.59;0;66;19.47;0;0;0
"579233 FALSE";18;188;0;58;0;11.61;4.02;0.64;0;223;17.86;0;0;0
"579234 FALSE";18;188;0;58;0;11.61;4.02;0.64;0;223;17.86;0;0;0
"579235 FALSE";18;214;0;67;0;15.18;5.36;0.64;0;214;17.86;0;0;0
"579236 FALSE";18;188;0;58;0;11.61;4.02;0.64;0;223;17.86;0;0;0
"579237 FALSE";18;188;0;58;0;11.61;4.02;0.64;0;223;17.86;0;0;0
"579239 FALSE";18;188;0;58;0;11.61;4.02;0.64;0;223;17.86;0;0;0
"579240 FALSE";18;188;0;58;0;11.61;4.02;0.64;0;223;17.86;0;0;0
"579241 FALSE";18;188;0;58;0;11.61;4.02;0.64;0;223;17.86;0;0;0
"579242 FALSE";18;188;0;58;0;11.61;4.02;0.64;0;223;17.86;0;0;0
"579243 FALSE";18;188;0;58;0;11.61;4.02;0.64;0;223;17.86;0;0;0
"579244 FALSE";18;188;0;58;0;11.61;4.02;0.64;0;223;17.86;0;0;0
"579280 FALSE";18;212;0;66;0;15.04;6.19;2.39;0;66;18.58;0.88;0;0
"579491 FALSE";0;170;0;94;0;9.82;3.57;0.64;0;67;20.54;0;0;0
"579492 FALSE";0;116;0;58;0;3.57;1.34;0.96;0;45;22.32;0;0;0
"579498 FALSE";89;205;0;85;0;14.29;4.02;0.96;0;67;19.64;0;89;0
"579500 FALSE";0;223;0;89;0;17.86;5.36;0.32;0;71;15.18;0;0;0
"579531 FALSE";0;214;0;62;0;15.18;6.25;1.61;0;49;19.64;0;0;0
"579600 FALSE";0;188;0;71;0;12.5;4.46;0.96;0;58;18.75;0;0;16.1
"579601 FALSE";0;143;0.89;54;0;5.36;1.79;0.96;0;49;22.32;0;0;0
"579602 FALSE";0;335;0;49;0.9;30.36;11.61;3.21;0;71;16.96;0;179;0
"579623 FALSE";0;116;0;58;0;2.68;0.45;0.64;0;67;23.21;0;0;1.1
"579631 FALSE";0;250;0;71;0;19.64;7.14;1.61;0;67;16.96;1.34;0;0
"579721 FALSE";0;124;0;58;0;4.42;2.21;2.39;0;71;21.24;0;0;0
"579722 FALSE";0;133;0;58;0;5.31;2.65;3.19;0;58;20.35;0;0;0
"579723 FALSE";0;168;0;49;0;10.62;5.31;3.19;0;53;18.58;0;0;0
"579729 FALSE";0;107;0;40;0;1.34;0;1.61;0;40;12.5;0;0;16.1
"579733 FALSE";18;114;0;66;0;2.63;0.44;0.95;0;114;21.05;0;0;1.1
"579737 FALSE";0;152;0;62;0;7.14;3.12;2.41;0;67;20.54;0.89;0;0
"579738 FALSE";18;250;0;71;0;19.64;8.04;1.61;0;67;16.96;1.34;0;0
"579739 FALSE";0;214;0;67;0;15.18;6.25;2.41;0;67;18.75;0;0;0
"579769 FALSE";0;250;0;71;0;19.64;7.14;1.61;0;67;16.96;1.34;0;0
"579772 FALSE";0;107;0;45;0;1.34;0.45;0.64;0;67;23.21;0;0;0
"579787 FALSE";0;250;0;71;0;19.64;7.14;1.61;0;67;16.96;1.34;0;0
"579808 FALSE";0;143;0;58;0;7.14;2.23;1.61;0;71;19.64;0;0;0
"580824 FALSE";0;500;0;80;0;48.21;16.07;0.64;0;893;16.07;0;0;0
"581944 FALSE";101;275;4.03;70;0;20.81;8.72;1.81;0;450;16.78;1.01;201;0.8
"583204 FALSE";36;339;5.36;71;0;26.79;8.93;0.64;0;875;17.86;0;179;0
"583864 FALSE";13;255;2.01;64;0.2;18.79;7.38;1.81;0;403;18.79;0;0;0
"584087 FALSE";143;250;5.36;116;0;19.64;4.46;1.29;0;875;12.5;0;357;2.1
"584095 FALSE";0;214;8.93;54;0;14.29;4.46;0.64;0;946;10.71;0;0;2.1
"584100 FALSE";0;179;0.89;58;0;11.61;4.02;0.64;0;196;17.86;0;0;0
"584369 FALSE";0;907;1.9;0;0;16;0;0;0;0;15;0;0;0
"584620 FALSE";0;260;0;30;0;22;6;0.72;0;980;14;0;0;0
"584626 FALSE";144;412;78;0;14;4.6;4.4;2.32;0;0;4;0;0;4
"584630 FALSE";71;292;4.42;58;0.9;23.01;7.96;0.96;0;743;15.93;0;664;2.1
"587528 FALSE";0;333;0;88;0;26.32;8.77;1.58;0;781;21.05;0;175;0
"588606 FALSE";144;330;78;0;14;1.54;1.54;2.32;0;0;4;0;0;4
"589061 FALSE";0;98;2.68;54;0;2.23;0.89;0;0;304;17.86;0;0;1.1
"596806 FALSE";25;325;3.75;81;0;25;8.75;0.45;0;1100;22.5;0;0;0
"598578 FALSE";36;339;5.36;62;0;26.79;8.93;0.64;0;875;17.86;0;179;0
"600502 FALSE";43;229;13.57;50;0.7;14.29;5;1.03;0;600;11.43;0;71;2.6
"601966 TRUE";80;230;33;0;13;10;2;2.7;510;135;12;0;2500;9
"602070 FALSE";36;214;0.89;107;0;0;3.57;0.96;0;616;24.11;0;0;0
"602182 FALSE";6;129;0.71;50;0.7;5.71;2.5;0.71;259;329;17.86;0;0;0
"603942 FALSE";33;317;5;67;0;25;8.33;1.2;0;833;18.33;0;167;0
"604490 FALSE";134;170;2.68;62;0.9;8.93;3.57;1.61;0;598;17.86;0;179;8
"619980 FALSE";0;321;1.79;71;0;28.57;10.71;0.64;0;1143;12.5;0;0;0
"638234 FALSE";0;162;1.9;52;0;9.52;3.33;0.69;0;210;19.05;0;0;0
"641398 FALSE";0;125;1.79;54;0;3.57;1.79;0.64;0;893;19.64;0;0;0
"641404 FALSE";0;280;4;60;0;24;10;1.44;0;1080;16;0;0;0
"641492 FALSE";0;116;3.57;45;0;3.57;1.34;0.64;0;473;17.86;0;0;0
"644672 FALSE";0;213;0;63;0;15.33;6;1.8;0;60;19.33;0;0;0
"644674 FALSE";0;179;0;62;0;9.82;4.02;2.41;0;62;20.54;0;0;0
"644886 FALSE";0;471;0;118;0;35.29;14.71;2.12;0;1824;29.41;0;0;0
"652180 FALSE";18;214;0;89;0;15.18;4.46;0.96;0;103;18.75;0;89;0
"652250 FALSE";0;125;0;58;0;2.68;0.89;1.29;0;67;23.21;0;0;0
"653780 FALSE";18;250;0;71;0;19.64;8.04;1.61;0;67;16.96;0;0;0
"653782 FALSE";0;312;0;71;0;26.79;11.61;1.61;0;54;16.96;0;0;0
"653784 FALSE";0;161;0;58;0;8.04;3.12;2.41;0;62;20.54;0;0;0
"653796 FALSE";108;172;2.15;59;0;9.68;2.69;1.94;0;645;17.2;0;323;0
"653806 FALSE";18;214;0;89;0;15.18;4.46;0.96;0;103;18.75;0;89;0
"654536 FALSE";13;307;0;87;0;26.67;10.67;1.8;0;67;16.67;0;0;0
"655798 FALSE";18;214;0;89;0;15.18;4.46;0.96;0;103;18.75;0;89;0
"655890 FALSE";0;125;0;58;0;2.68;0.89;1.29;0;67;23.21;0;0;0
"656584 FALSE";18;214;0;89;0;15.18;4.46;0.96;0;103;18.75;0;89;0
"660188 FALSE";0;143;0;71;0;7.14;2.23;1.61;0;76;19.64;0;0;0
"660478 FALSE";18;214;0;67;0;15.18;6.25;2.41;0;67;18.75;0;0;0
"663080 FALSE";18;179;0.89;67;0;9.82;3.12;1.29;0;232;20.54;0;0;0
"663186 FALSE";0;143;0;71;0;7.14;2.23;1.61;0;76;19.64;0;0;0
"679872 FALSE";14;236;15.71;61;0;12.86;4.29;1.03;0;607;15;0;71;0.9
"683710 FALSE";13;285;0;66;0;23.18;9.27;1.79;0;53;17.88;0.99;0;0
"683806 FALSE";99;305;1.32;73;0;24.5;11.26;1.19;0;437;18.54;0.99;132;0
"690314 FALSE";62;186;6.19;0;0;15.48;6.19;0;0;372;3.1;0;0;0
"700884 FALSE";70;175;8.75;0;5;7.5;0.62;2.5;355;400;12.5;0;0;0
"706528 FALSE";0;89;1.79;36;0;1.79;0;0;0;857;16.07;0;0;0
"706536 FALSE";0;89;3.57;36;0;1.79;0;0;0;839;14.29;0;0;0
"706614 FALSE";0;107;3.57;45;0;0.89;0;0;0;679;21.43;0;0;0
"706620 FALSE";0;89;1.79;36;0;0.89;0;0.64;0;804;17.86;0;0;0
"706626 FALSE";54;196;0;85;0;15.18;3.57;1.29;0;85;16.96;0;89;1.1
"707544 FALSE";71;224;7.06;76;1.2;11.76;3.53;2.12;0;706;20;0;118;1.4
"707546 FALSE";71;224;7.06;76;1.2;11.76;3.53;2.12;0;706;20;0;118;1.4
"707548 FALSE";71;224;7.06;76;1.2;11.76;3.53;2.12;0;706;20;0;118;1.4
"708232 FALSE";5;272;0.66;86;0;23.84;10.6;2.65;145;63;12.58;1.32;0;0
"709556 FALSE";118;165;8.24;0;1.2;8.24;1.18;1.69;271;659;15.29;0;0;0
"711240 FALSE";0;412;1.18;65;0;37.65;12.94;0.42;0;200;17.65;0;0;0
"715014 FALSE";71;107;1.79;31;0;3.57;0.18;0.96;0;464;18.75;0;89;1.1
"715016 FALSE";76;174;3.03;76;0.8;9.09;3.41;0.55;0;470;19.7;0;152;6.8
"715018 FALSE";71;107;0.89;31;0;3.57;0.18;0.96;0;402;18.75;0;0;0
"715020 FALSE";71;107;1.79;31;0.2;3.57;0.18;0.96;0;446;18.75;0;0;2.1
"715022 FALSE";108;172;3.23;59;0;9.68;2.69;1.94;0;667;17.2;0;0;0
"715026 FALSE";18;214;0;89;0;15.18;4.46;0.96;0;103;18.75;0;89;0
"715028 FALSE";71;107;0.89;31;0;3.57;0.18;0.96;0;402;18.75;0;0;0
"715036 FALSE";18;214;0;89;0;15.18;4.46;0.96;0;103;18.75;0;89;0
"715038 FALSE";0;107;0;62;0;0.89;0;1.29;0;49;25;0;0;0
"715040 FALSE";0;143;0;71;0;7.14;2.23;1.61;0;76;19.64;0;0;0
"715042 FALSE";61;152;3.03;76;0.8;6.82;1.89;1.09;0;364;18.18;0;1136;9.1
"715046 FALSE";86;172;2.15;59;0;9.68;2.69;1.94;0;688;17.2;0;108;0
"715048 FALSE";29;171;1.43;64;0;10;2.86;1.54;0;671;17.14;0;0;0
"715050 FALSE";0;143;0;71;0;7.14;2.23;1.61;0;76;19.64;0;0;0
"715052 FALSE";18;214;0;89;0;15.18;4.46;0.96;0;103;18.75;0;89;0
"715058 FALSE";71;107;1.79;31;0.2;3.57;0.18;0.96;0;446;18.75;0;0;2.1
"715060 FALSE";29;171;1.43;64;0;10;2.86;1.54;0;671;17.14;0;0;0
"715062 FALSE";108;176;2.7;61;0;9.46;2.7;1.95;0;568;17.57;0;0;0
"715064 FALSE";71;107;1.79;31;0.2;3.57;0.18;0.96;0;446;18.75;0;0;2.1
"715066 FALSE";71;107;0.89;31;0;3.57;0.18;0.96;0;402;18.75;0;0;0
"715068 FALSE";18;143;0.89;71;0;6.25;2.23;1.61;0;536;19.64;0;0;0
"715070 FALSE";18;143;0.89;71;0;6.25;2.23;1.61;0;536;19.64;0;0;0
"715072 FALSE";0;107;0.89;54;0;2.23;0.45;0.96;0;384;20.54;0;0;0
"715074 FALSE";0;143;0;71;0;7.14;2.23;1.61;0;76;19.64;0;0;0
"715076 FALSE";0;125;0;58;0;2.68;0.89;1.29;0;67;23.21;0;0;0
"715078 FALSE";27;162;1.35;61;0;10.81;2.7;1.95;0;554;14.86;0;0;0
"716518 FALSE";0;357;0;107;0;28.57;10.71;2.57;0;1714;25;0;0;0
"716898 FALSE";0;205;0;58;0;13.39;5.36;1.29;0;982;13.39;0;0;0
"718366 FALSE";0;250;5.88;59;0;19.12;7.35;1.59;0;765;13.24;0;147;0
"718426 FALSE";47;59;3.53;0;1.2;3.53;0;1.27;165;12;5.88;0;0;0
"718442 FALSE";118;71;2.35;0;1.2;3.53;0;1.69;165;12;7.06;0;0;0
"718720 FALSE";73;145;12.73;0;5.5;5.45;0;2.62;0;764;12.73;0;0;2.2
"718870 FALSE";0;467;0;100;0;40;16.67;0;0;1333;13.33;0;0;0
"718912 FALSE";94;176;7.06;0;3.5;9.41;1.76;3.18;0;471;16.47;0;0;0
"718964 FALSE";18;150;0;80;0;8.85;2.65;1.27;0;97;17.7;0;0;0
"719308 FALSE";118;94;2.35;0;2.4;5.29;0.59;1.69;1029;12;9.41;0;0;0
"721850 FALSE";0;152;0.89;89;0;8.04;2.23;0.64;0;402;18.75;0;0;0
"722258 FALSE";0;143;0;71;0;7.14;2.23;1.61;0;76;19.64;0;0;0
"722676 FALSE";68;110;2.05;48;0.2;3.08;0.68;0.74;0;390;18.49;0;0;0
"722906 FALSE";0;95;4.76;40;1.6;4.76;0.79;0;175;397;9.52;0;0;0
"722908 FALSE";0;98;4.92;41;1.6;4.1;1.64;0;213;361;9.84;0;0;0
"722910 FALSE";0;125;3.12;31;1.6;7.81;2.34;0.78;250;297;9.38;0;0;0
"723180 FALSE";143;429;14.29;214;0;28.57;10.71;2.57;0;2571;28.57;0;0;0
"726906 FALSE";54;196;2.68;80;0.2;13.39;3.57;1.61;0;902;14.29;0;0;0
"728304 FALSE";10;193;12.14;43;0.7;10.71;4.29;0.71;0;443;13.57;0;0;0
"728462 FALSE";0;92;4.62;38;1.5;3.85;0.77;0.62;200;415;9.23;0;0;0
"728472 FALSE";0;89;0;45;0;0.09;0;0;0;696;19.64;0;0;0
"730070 FALSE";0;240;1.33;67;0;18.67;6.67;1.44;0;720;16;0;133;0.8
"730874 FALSE";0;316;1.75;61;0;28.07;10.53;0.63;0;1105;12.28;0;0;0
"731832 FALSE";0;175;1.75;61;0;12.28;3.51;0.63;0;842;17.54;0;175;0
"732282 FALSE";11;186;9.29;43;0.2;10.71;4.29;0.71;0;443;13.57;0;0;0
"732966 FALSE";18;143;0;71;0;8.04;2.68;1.29;0;554;16.96;0;0;2.1
"732978 FALSE";0;89;3.57;36;0;1.79;0;0;0;946;14.29;0;0;0
"732982 FALSE";0;89;1.79;36;0;1.79;0;0.64;0;804;17.86;0;0;0
"736128 FALSE";36;107;1.79;62;0.2;2.23;0.45;1.61;0;732;19.64;0;0;0
"737742 FALSE";36;127;1.34;69;0.9;4.46;1.34;0.64;0;173;20.54;0;179;1.1
"737812 FALSE";0;118;1.18;59;0;5.88;1.18;0.85;0;612;17.65;0;0;1.4
"737982 FALSE";14;229;22.14;46;0;10;3.21;0.57;143;550;14.29;0;0;0
"738278 FALSE";0;286;3.57;89;0;17.86;7.14;2.57;0;1429;25;0;1786;4.3
"739826 FALSE";168;214;7.14;0;1.8;16.07;10.71;1.79;334;536;12.5;0;0;0
"739830 FALSE";169;214;8.93;0;1.8;15.18;11.61;2.68;330;741;13.39;0;0;0
"741262 FALSE";13;255;0;67;0;20.13;7.38;1.21;0;50;18.12;0;0;0
"742264 FALSE";18;265;0;71;0;23.01;8.85;2.39;0;62;14.16;0.88;0;0
"742266 FALSE";0;265;0;70;0;23.18;9.27;1.79;0;60;13.91;0;0;0
"742524 FALSE";25;321;3.7;80;0;24.69;8.64;0.89;0;840;20.99;0;0;0
"745176 FALSE";0;240;1.33;67;0;18.67;6.67;1.44;0;707;16;0;67;0.8
"746318 FALSE";0;240;1.33;67;0;18.67;6.67;1.44;0;720;16;0;133;0.8
"750888 TRUE";113;154;21.9;11;3.5;4.6;2.6;1.5;170;546;7.7;0;178;2
"750956 TRUE";64;155;22.1;9;5;4.6;2.4;1.4;177;684;7.2;0;0;0
"750958 TRUE";64;155;22.1;9;5;4.6;2.4;1.4;177;684;7.2;0;0;0
"751132 TRUE";49;133;22;0;6.1;3.9;0.4;2.4;223;545;6.5;0;0;0
"751486 TRUE";67;138;22.1;4;7.1;3.3;1.1;0.7;176;633;5.9;0;0;0
"751488 TRUE";67;138;22.1;4;7.1;3.3;1.1;0.7;176;633;5.9;0;0;0
"751490 TRUE";43;178;23.1;2;5;8.5;1.2;1.3;236;591;5.5;0;0;0
"751528 TRUE";113;154;21.9;11;3.5;4.6;2.6;1.5;170;546;7.7;0;178;2
"751530 TRUE";59;110;16.8;0;8.4;3.1;0.3;2.7;291;758;11.4;0.1;0;0
"751532 TRUE";67;98;15.3;0;5.9;1.6;0.2;1.8;272;591;10.4;0;0;0
"751534 TRUE";113;154;21.9;11;3.5;4.6;2.6;1.5;170;546;7.7;0;178;2
"751536 TRUE";75;116;8.3;0;6.1;4.3;0.4;3;379;571;15.3;0;0;0
"751538 TRUE";39;185;23;0;4.6;9.3;1.1;0.9;305;482;4.7;0.2;0;0
"751554 FALSE";116;203;29.7;10;5.9;6.6;2.3;1.3;185;322;11.1;0;0;0
"751558 FALSE";128;248;36.3;13;3.9;7.9;2.8;1.6;177;388;11.1;0;0;0
"751560 FALSE";109;229;36.5;9;4.1;6;2.3;1.6;219;337;10.7;0.1;0;0
"751562 FALSE";126;245;37.1;7;3.8;7.1;2.2;1.6;187;385;11.3;0;0;0
"751564 FALSE";107;244;38;7;3.9;7.2;2;1.6;185;368;10;0;0;0
"751644 FALSE";138;231;31;12;4.1;7.5;3.2;1.1;168;531;12.7;0.2;1377;12
"751720 TRUE";44;159;9.9;0;4.6;4.6;0.5;5.5;165;758;20.2;0;122;0
"751722 TRUE";151;196;19.4;114;4.1;7.9;2.8;2.1;209;591;14.6;0.1;0;0
"751724 TRUE";97;173;18.8;2;9.1;7.4;1.1;1.9;293;374;15.8;0.1;0;0
"751726 TRUE";95;179;20.6;2;6;6.5;1;2;380;488;14.5;0.1;0;0
"751728 TRUE";99;112;11.7;12;3.8;6.3;3;1.4;204;161;5.9;0.1;0;0
"751730 TRUE";69;126;16.5;8;2.2;5.3;1.9;1;119;278;4.9;0.2;0;0
"751732 TRUE";52;225;26.2;0;4.3;9;1.3;3;346;456;12.8;0.1;35;0
"751748 TRUE";42;193;8.9;1;3.5;7.9;1;4.6;300;671;23.6;0.1;16;0
"751750 TRUE";42;193;8.9;1;3.5;7.9;1;4.6;300;671;23.6;0.1;16;0
"751752 TRUE";39;208;14.4;1;3.3;7.7;1;4.3;280;656;22.1;0.1;15;0
"751754 TRUE";42;193;8.9;1;3.6;7.9;1;4.3;295;593;23.6;0.1;179;3
"751758 TRUE";87;189;17;0;7.8;11.6;1.5;2.1;484;555;9.2;0.1;0;0
"751760 TRUE";52;225;26.2;0;4.3;9;1.3;3;346;456;12.8;0.1;35;0
"751762 TRUE";52;225;26.2;0;4.3;9;1.3;3;346;456;12.8;0.1;35;0
"751766 TRUE";68;122;10.2;0;4.3;5.5;0.8;4.1;223;491;14.4;0;0;0
"751768 TRUE";92;241;17;0;7.3;13.8;1.4;3.5;611;561;16.5;0.2;162;1
"751770 TRUE";82;97;14.8;9;4;3.5;1.9;0.9;120;238;5.6;0.1;0;0
"751772 TRUE";27;87;13.5;0;2.8;3.1;1.9;0.8;137;204;3.4;0;0;0
"751776 TRUE";52;225;26.2;0;4.3;9;1.3;3;346;456;12.8;0.1;35;0
"751782 TRUE";68;122;10.2;0;4.3;5.5;0.8;4.1;223;491;14.4;0;0;0
"751784 TRUE";84;150;24.6;0;4.3;2.3;0.3;2;407;438;11.4;0;4;2
"751786 TRUE";39;208;14.4;1;3.3;7.7;1;4.3;280;656;22.1;0.1;15;0
"751788 TRUE";42;193;8.9;1;3.5;7.9;1;4.6;300;671;23.6;0.1;16;0
"751792 TRUE";61;213;8.5;3;4.4;9.3;1.7;4.2;182;422;23.9;0;0;0
"751794 TRUE";19;126;11.2;0;2.3;1.3;0.2;1.2;37;1076;17.4;0;102;0
"751796 TRUE";26;159;6.8;2;4;6.1;0.7;5.9;109;670;19.2;0;0;0
"751798 TRUE";26;159;6.8;2;4;6.1;0.7;5.9;109;670;19.2;0;0;0
"751800 TRUE";42;346;14.3;2;5.1;26.6;4.2;3.6;97;1463;12.4;0;0;0
"752250 TRUE";52;225;26.2;0;4.3;9;1.3;3;346;456;12.8;0.1;35;0
"752288 FALSE";97;191;29.5;8;6;5.9;2.1;1.4;236;247;10.2;0;0;0
"752316 FALSE";176;224;24.5;16;3.7;8.4;3.3;1.3;181;546;12.5;0;1288;12
"752318 FALSE";182;222;24.6;23;3.9;8.3;4;1.3;167;587;12.7;0;848;4.8
"752320 FALSE";192;230;25.7;17;3.8;8.4;3.5;1.4;204;560;12.8;0;554;8
"752350 TRUE";173;215;24.9;43;4.1;8.8;3;1.6;240;729;13;0.2;0;0
"752352 TRUE";61;218;18.7;0;7.1;13.8;1.3;2;533;438;9.2;0.1;0;0
"752354 TRUE";80;155;12.6;1;7.6;7.7;0.8;2.5;531;690;14.9;0.1;0;0
"752356 TRUE";54;235;24.8;1;5.4;11.7;1.8;3.7;238;634;12.2;0.1;0;0
"752358 TRUE";74;197;16.9;1;6.9;12.2;1.1;1.9;528;420;9.6;0.1;0;0
"752360 TRUE";61;211;21.1;0;5;9.6;1.4;3;349;405;14.1;0.1;0;0
"752366 TRUE";86;174;15.5;2;3.3;6.3;0.9;1.5;254;537;16.4;0;0;0
"752368 TRUE";61;218;18.7;0;7.1;13.8;1.3;2;533;438;9.2;0.1;0;0
"752370 TRUE";178;181;6.5;0;2.3;5.3;0.8;3.4;135;510;26.8;0;0;0
"752372 TRUE";66;170;15.3;1;4.1;5.9;0.9;1.3;224;616;17.1;0;0;0
"752374 TRUE";80;158;18.1;1;6.8;5.8;0.8;1.5;321;452;14.1;0.1;0;0
"752376 TRUE";61;211;21.1;0;5;9.6;1.4;3;349;405;14.1;0.1;0;0
"752378 TRUE";80;158;18.1;1;6.8;5.8;0.8;1.5;321;452;14.1;0.1;0;0
"752382 TRUE";80;155;12.6;1;7.6;7.7;0.8;2.5;531;690;14.9;0.1;0;0
"752774 TRUE";31;186;10.2;1;2.9;7;1.1;5;269;669;23.6;0;16;0
"752862 TRUE";80;158;18.1;1;6.8;5.8;0.8;1.5;321;452;14.1;0.1;0;0
"752864 TRUE";42;346;14.3;2;5.1;26.6;4.2;3.6;97;1463;12.4;0;0;0
"753344 TRUE";90;92;9.2;9;2.2;4.3;2;1.1;207;273;5.3;0.1;567;2
"753346 TRUE";47;134;17.8;12;3.6;4.9;2.6;1.9;144;223;6.8;0.1;569;2
"753348 TRUE";38;99;15.3;0;2;1.3;0.1;1.3;149;276;7;0;598;2
"753350 TRUE";35;100;14.4;0;1.9;2.6;0.5;1;138;266;4.7;0;1191;3
"753352 TRUE";42;136;15.2;8;1.3;6.3;3.8;1.1;126;324;5.9;0.1;1104;2
"753474 FALSE";125;500;15.62;94;3.1;40.62;14.06;2.25;469;1719;21.88;0;938;0
"753488 FALSE";0;692;15.38;0;7.7;53.85;3.85;2.77;769;8385;30.77;0;0;0
"753534 FALSE";143;464;17.86;107;3.6;35.71;12.5;2.57;429;1786;21.43;0;0;0
"753600 FALSE";24;224;12.94;76;1.2;11.76;2.35;0.85;212;776;15.29;0;0;1.4
"753610 FALSE";0;232;3.57;71;0;14.29;6.25;2.57;27;911;25;0;0;0
"753612 FALSE";0;232;1.79;80;0;14.29;6.25;2.57;18;964;26.79;0;0;0
"753744 FALSE";80;240;4;80;0;18;6;1.44;100;2480;16;0;0;0
"753808 FALSE";67;200;3.33;58;0;15;4.17;1.2;233;867;15;0;0;0
"753810 FALSE";0;169;1.54;77;0;10.77;3.08;1.11;292;508;18.46;0;0;0
"753812 FALSE";0;321;0;71;0;28.57;10.71;1.29;0;804;16.07;0;0;0
"753814 FALSE";0;321;0;71;0;28.57;10.71;1.29;0;839;14.29;0;0;0
"753816 FALSE";0;321;0;71;0;28.57;10.71;1.29;0;786;14.29;0;0;0
"753820 FALSE";0;370;1.85;74;0;33.33;11.11;1.33;278;759;18.52;0;0;0
"753822 FALSE";0;370;1.85;74;0;33.33;11.11;1.33;278;759;18.52;0;0;0
"753828 FALSE";0;175;1.59;79;0;11.11;3.17;1.14;381;508;17.46;0;0;0
"753832 FALSE";0;368;3.51;70;0;33.33;12.28;2.53;219;754;15.79;0;0;0
"753834 FALSE";0;595;7.14;95;0;57.14;19.05;0.86;286;1048;19.05;0;0;0
"753836 FALSE";0;222;4.44;56;0;17.78;6.67;1.6;400;1111;11.11;0;0;0
"753864 FALSE";0;357;0;89;0;30.36;10.71;2.57;0;786;16.07;0;0;0
"753866 FALSE";0;357;0;89;0;30.36;10.71;2.57;0;786;16.07;0;0;0
"753898 FALSE";0;464;14.29;125;0;25;8.93;0;464;2429;39.29;0;0;0
"753900 FALSE";0;429;3.57;107;0;28.57;10.71;0;464;1964;35.71;0;0;0
"753910 FALSE";0;320;0;100;0;26;9;1.44;270;660;22;0;0;0
"753918 FALSE";0;371;1.61;73;0;32.26;11.29;1.74;274;758;19.35;0;0;0
"753988 FALSE";0;161;1.79;62;0;8.04;3.57;1.45;0;304;21.43;0;0;0
"753996 FALSE";0;148;10.25;27;0.8;7.38;3.28;0.74;217;488;9.43;0.41;0;0
"754002 FALSE";0;179;3.57;62;0;7.14;3.57;1.93;0;500;25;0;0;0
"754004 FALSE";0;214;1.79;89;0;12.5;6.25;3.21;0;982;26.79;0;0;0
"754026 FALSE";0;333;1.96;108;0;27.45;8.82;1.41;314;706;21.57;0;0;0
"754044 FALSE";0;357;0;89;0;30.36;10.71;2.57;0;786;16.07;0;0;0
"754052 FALSE";0;333;1.96;108;0;27.45;8.82;1.41;314;706;21.57;0;0;0
"754054 FALSE";0;333;1.96;108;0;27.45;8.82;1.41;314;706;21.57;0;0;0
"754082 FALSE";0;370;1.85;74;0;33.33;11.11;1.33;278;759;18.52;0;0;0
"754090 FALSE";0;123;7.02;9;0;8.77;2.63;0;44;491;1.75;0;0;0
"754094 FALSE";0;161;1.79;62;0;8.04;3.57;1.29;0;304;21.43;0;0;0
"754096 FALSE";0;405;4.76;60;0;38.1;11.9;0;190;690;11.9;0;0;0
"754098 FALSE";0;179;1.79;80;0;10.71;3.57;1.29;375;518;17.86;0;0;0
"754106 FALSE";0;172;1.72;78;0;10.34;3.45;1.24;293;517;17.24;0;0;2.1
"754146 FALSE";49;354;13.41;30;1.2;28.05;10.98;1.76;134;841;10.98;1.22;122;0
"754148 FALSE";0;308;28.21;32;1.3;16.67;6.41;2.31;147;962;11.54;0;0;0
"754208 FALSE";0;393;7.14;71;3.6;32.14;12.5;1.29;357;1714;17.86;0;0;0
"754228 FALSE";43;293;31.52;16;2.2;14.13;4.89;1.57;207;837;10.87;0;0;0
"754230 FALSE";14;113;13.41;15;1.6;4.71;1.65;0.25;176;315;4;0;94;14.1
"754232 FALSE";13;123;14.54;17;1.5;5.29;1.98;0.32;192;330;4.19;0;88;0
"754296 FALSE";0;333;1.96;108;0;27.45;8.82;1.41;314;706;21.57;0;0;0
"754318 FALSE";0;214;1.79;89;0;12.5;6.25;2.57;0;982;26.79;0;0;0
"754348 FALSE";208;361;13.89;62;1.4;27.78;11.11;1.5;188;1250;15.28;0;139;0
"754448 FALSE";51;258;22.73;53;2;16.16;7.07;1.36;96;253;5.56;0;51;1.2
"754466 FALSE";20;137;15.44;13;2.7;5.39;1.72;0.66;304;277;6.86;0;123;0.9
"754468 FALSE";27;122;18.97;8;1.4;2.98;0.54;0.39;149;257;4.61;0;339;6.5
"754472 FALSE";57;169;18.34;17;1.4;7.16;2.29;0.77;201;398;7.74;0;143;0
"754490 FALSE";22;136;18.7;7;1.9;4.61;0.81;0.73;146;187;4.61;0;1355;0
"754494 FALSE";27;103;15.45;9;1.4;2.17;0.54;0.73;228;317;5.42;0;203;0
"754560 FALSE";143;500;14.29;89;3.6;39.29;14.29;2.57;464;1714;21.43;0;1071;0
"754562 FALSE";143;500;14.29;89;3.6;39.29;14.29;2.57;464;1714;21.43;0;1071;0
"754586 FALSE";83;250;2.08;73;2.1;18.75;6.25;1.5;94;2458;16.67;0;0;0
"754598 FALSE";88;235;4.41;74;2.9;17.65;5.15;2.12;132;2206;16.18;0;147;0
"754620 FALSE";89;333;6.67;78;0;28.89;8.89;1.6;211;800;13.33;0;0;0
"754624 FALSE";133;311;6.67;78;2.2;26.67;7.78;1.6;200;800;13.33;0;0;0
"754626 FALSE";89;200;4.44;78;0;13.33;3.33;1.6;256;911;15.56;0;0;0
"754636 FALSE";0;105;5.26;9;1.8;7.89;1.75;0;0;456;3.51;0;0;0
"754704 FALSE";89;333;2.22;56;0;28.89;10;0.8;0;778;13.33;0;0;0
"754706 FALSE";29;179;13.82;29;1.2;9.12;2.06;0.53;271;426;10;0;662;0.7
"754710 FALSE";50;141;14.11;28;1.7;6.44;2.23;1.11;230;433;6.93;0;248;0.9
"754748 FALSE";0;203;12.66;32;1.3;11.39;1.9;0.91;190;544;12.66;0;0;0
"754750 FALSE";0;215;15.19;32;1.3;10.13;1.9;0.91;203;696;13.92;0;380;0
"754754 FALSE";0;212;15.29;47;2.4;10.59;2.35;1.27;224;588;15.29;0;0;0
"754772 FALSE";111;315;5.56;56;0;27.78;8.33;1.33;222;759;12.96;0;0;0
"754778 FALSE";100;183;3.33;67;0;13.33;3.33;1.8;0;700;15;0;0;0
"754782 FALSE";107;321;1.79;54;0;30.36;8.93;1.29;188;786;12.5;0;0;0
"754786 FALSE";89;333;2.22;56;0;28.89;10;1.6;222;778;13.33;0;0;0
"754792 FALSE";74;333;3.7;56;1.9;29.63;9.26;1.33;222;759;12.96;0;0;0
"754798 FALSE";88;333;1.75;56;0;28.07;9.65;1.58;0;772;13.16;0;0;0
"754804 FALSE";87;337;4.35;65;0;29.35;8.7;1.57;0;761;13.04;0;0;0
"754808 FALSE";89;333;2.22;56;0;28.89;10;1.6;222;778;13.33;0;0;0
"754810 FALSE";0;239;19.57;38;2.2;11.96;2.72;1.17;163;587;13.04;0;109;0
"754816 FALSE";0;228;15.22;43;1.1;11.96;2.72;0.39;196;489;14.13;0;0;0
"754818 FALSE";24;224;12.94;76;1.2;11.76;2.35;0.85;212;776;15.29;0;0;1.4
"754820 FALSE";74;333;3.7;56;1.9;29.63;9.26;1.33;222;759;12.96;0;0;0
"754828 FALSE";0;224;12.94;76;1.2;11.76;2.35;0.85;200;776;15.29;0;0;0
"754832 FALSE";47;235;12.94;76;1.2;14.12;2.94;0.85;200;788;15.29;0;0;0
"754870 FALSE";71;500;14.29;89;3.6;39.29;14.29;2.57;536;1643;21.43;0;0;0
"754886 FALSE";125;469;18.75;109;3.1;34.38;12.5;2.25;469;1656;18.75;0;0;0
"754890 FALSE";125;469;18.75;109;3.1;34.38;12.5;2.25;469;1594;18.75;0;0;0
"754902 FALSE";109;491;16.36;91;1.8;40;14.55;2.62;473;1709;20;0.91;909;0
"754904 FALSE";109;491;16.36;91;1.8;40;14.55;2.62;473;1709;20;0.91;909;0
"754914 FALSE";0;100;4.44;33;0;2.22;0;1.6;311;1089;13.33;0;0;0
"754924 FALSE";143;500;14.29;89;3.6;39.29;14.29;2.57;464;1714;21.43;0;1071;0
"754930 FALSE";143;500;14.29;89;3.6;39.29;14.29;2.57;464;1714;21.43;0;1071;0
"754934 FALSE";182;491;14.55;91;3.6;40;14.55;2.62;418;1218;20;0.91;364;0
"754938 FALSE";0;306;4.08;51;0;26.53;10.2;1.47;163;918;12.24;1.02;0;0
"754940 FALSE";182;491;14.55;91;3.6;40;14.55;2.62;418;1218;20;0.91;364;0
"754948 FALSE";0;306;4.08;51;0;26.53;10.2;1.47;163;918;12.24;1.02;0;0
"754958 FALSE";143;500;14.29;89;3.6;39.29;14.29;2.57;464;1714;21.43;0;1071;0
"754960 FALSE";0;292;4.17;52;0;27.08;10.42;1.5;167;917;10.42;1.04;0;0
"754966 FALSE";143;500;14.29;89;3.6;39.29;14.29;2.57;464;1714;21.43;0;1071;0
"754968 FALSE";0;298;3.51;53;0;26.32;10.53;1.26;167;912;10.53;0.88;0;0
"754972 FALSE";109;473;18.18;109;3.6;34.55;12.73;2.62;545;1636;20;0.91;182;0
"754988 FALSE";0;500;12.5;62;0;37.5;12.5;0;438;1688;25;0;0;0
"754996 FALSE";0;158;3.51;35;0;8.77;3.51;1.89;421;930;15.79;0;0;0
"755012 FALSE";24;378;15.85;30;1.2;30.49;12.2;1.76;0;720;9.76;0.61;0;0
"755016 FALSE";0;308;28.21;32;1.3;16.67;6.41;2.31;147;962;11.54;0;0;0
"755156 FALSE";0;271;30.59;18;2.4;11.76;1.76;0.85;294;541;10.59;0;0;0
"755164 FALSE";0;239;19.57;38;2.2;11.96;2.72;1.17;163;587;13.04;0;109;0
"755196 FALSE";0;235;19.12;37;2.9;11.76;2.94;1.06;162;588;13.24;0;0;0
"755314 FALSE";27;95;14.91;11;1.4;1.22;0.27;0.39;198;195;6.23;0;542;6.5
"755316 FALSE";16;104;12.53;23;1.8;3.13;1.17;0.38;188;292;6.53;0;392;0.9
"755366 FALSE";0;321;17.86;71;0;14.29;3.57;2.57;393;2393;32.14;0;0;0
"755380 FALSE";0;321;14.29;89;0;14.29;5.36;3.86;571;1607;32.14;0;0;0
"755388 FALSE";0;317;14.63;98;0;14.63;4.88;2.63;598;1537;31.71;0;0;0
"755408 FALSE";0;321;10.71;71;3.6;21.43;7.14;2.57;375;1500;21.43;0;714;0
"755414 FALSE";0;321;7.14;71;0;21.43;7.14;5.14;339;1607;21.43;0;0;0
"755486 FALSE";0;271;30.59;18;2.4;11.76;1.76;0.85;294;541;10.59;0;0;0
"755492 FALSE";0;247;12.94;100;1.2;15.29;2.94;0.85;200;824;15.29;0;0;1.4
"755502 FALSE";0;357;25;71;0;14.29;3.57;2.57;375;2357;32.14;0;714;0
"755544 FALSE";128;244;35.9;6;2.6;6.41;1.28;2.31;141;769;8.97;0;0;0
"755574 FALSE";24;271;16.47;53;1.2;17.65;3.53;0.85;141;847;11.76;0;118;0
"755578 FALSE";0;235;10.59;71;1.2;12.94;2.94;0.85;288;447;20;0.59;0;0
"755586 FALSE";0;271;9.41;76;1.2;17.65;4.12;0.85;288;812;20;1.18;0;0
"755590 FALSE";47;247;20;24;2.4;14.12;2.35;1.27;294;494;11.76;0;0;0
"755596 FALSE";0;235;19.12;37;2.9;11.76;2.94;1.06;162;588;13.24;0;0;0
"755598 FALSE";24;247;21.18;24;2.4;12.94;2.35;0.85;318;412;11.76;0;0;0
"755602 FALSE";0;221;14.71;44;1.5;11.76;2.21;0.53;191;485;14.71;0;0;0
"755608 FALSE";0;224;15.29;41;1.2;11.76;2.35;0.42;188;494;14.12;0;0;0
"755610 FALSE";24;259;21.18;24;2.4;14.12;2.94;1.27;306;412;10.59;0;0;0
"755660 FALSE";0;500;12.5;62;12.5;37.5;12.5;0;438;1688;25;0;0;0
"755674 FALSE";125;500;9.38;94;3.1;40.62;14.06;2.25;438;1719;21.88;0;938;0
"755678 FALSE";0;500;12.5;62;0;37.5;12.5;0;438;1688;25;0;0;0
"755684 FALSE";0;500;12.5;62;0;37.5;12.5;0;438;1688;25;0;0;0
"755686 FALSE";125;500;15.62;94;3.1;40.62;14.06;2.25;438;1719;21.88;0;938;0
"755690 FALSE";0;500;12.5;62;12.5;37.5;12.5;0;438;1688;25;0;0;0
"755694 FALSE";0;500;12.5;62;0;37.5;12.5;0;438;1688;25;0;0;0
"755698 FALSE";0;377;4.72;71;0;33.02;14.15;3.4;330;1934;28.3;0;472;0
"755714 FALSE";353;353;4.71;112;1.2;27.06;14.12;1.27;224;1400;22.35;0.59;588;0
"755716 FALSE";294;353;3.53;76;0;28.24;17.65;1.69;341;1635;23.53;0.59;2941;0
"755720 FALSE";0;263;17.54;88;1.8;6.14;2.63;3.16;561;2035;35.09;0;0;0
"755730 FALSE";0;286;10.71;107;0;5.36;1.79;6.43;750;1500;46.43;0;0;0
"755738 FALSE";143;464;17.86;107;3.6;35.71;12.5;2.57;500;1250;21.43;0;0;0
"755742 FALSE";143;500;14.29;89;3.6;39.29;14.29;2.57;464;1536;21.43;0;1071;0
"755746 FALSE";143;500;14.29;89;3.6;39.29;14.29;2.57;464;1536;21.43;0;1071;0
"755840 FALSE";62;169;4.62;54;0.8;13.08;3.85;0.83;123;646;7.69;0;0;0
"755862 FALSE";143;500;14.29;89;3.6;39.29;14.29;2.57;500;1714;21.43;0;1071;0
"755866 FALSE";0;228;15.22;43;1.1;11.96;2.72;0.39;196;489;14.13;0;0;0
"755910 FALSE";23;138;11.49;20;2.9;6.9;1.44;0.83;391;569;8.05;0;172;2.1
"755914 FALSE";11;198;14.12;17;0.6;12.43;4.52;0.41;277;458;7.34;0;282;0.7
"755948 FALSE";0;92;1.97;39;0;2.3;0.99;0.95;0;493;16.45;0;0;0
"756116 FALSE";46;146;1.54;73;0;12.31;3.85;0.83;77;631;6.92;0;0;0
"756376 FALSE";0;224;15.29;35;2.4;10.59;2.35;1.27;188;435;14.12;0;0;0
"756402 FALSE";0;224;15.29;41;1.2;11.76;2.35;0.42;188;494;14.12;0;0;0
"756424 FALSE";0;224;15.29;41;1.2;11.76;2.35;0.42;188;494;14.12;0;0;0
"756428 FALSE";136;237;1.69;102;0;20.34;5.93;1.83;68;763;11.86;0;0;0
"756500 FALSE";40;237;23.23;10;1.5;13.64;6.06;0.91;86;328;5.05;0;202;1.2
"756512 FALSE";0;221;14.71;44;1.5;11.76;2.21;0.53;191;485;14.71;0;0;0
"756562 FALSE";80;300;4;60;0;26;9;1.44;0;740;14;0;0;4.8
"756586 FALSE";14;68;6.08;14;1.4;0.34;0;1.22;257;297;9.46;0;0;0
"756592 FALSE";125;500;15.62;94;3.1;40.62;14.06;2.25;438;1719;21.88;0;938;0
"756632 FALSE";0;105;5.26;9;1.8;7.89;1.75;0;70;456;3.51;0;0;0
"756636 FALSE";139;361;13.89;62;1.4;27.78;11.11;1.5;181;1250;15.28;0;0;0
"756642 FALSE";65;293;31.52;16;2.2;14.13;4.89;1.96;217;837;10.87;0;0;0
"756672 FALSE";48;225;27.75;19;2.4;9.57;1.91;1.72;239;340;7.18;0;1435;1.7
"756826 FALSE";85;141;11.3;23;2.3;6.21;1.98;0.61;237;571;9.6;0;226;2.7
"757540 FALSE";71;500;14.29;89;3.6;39.29;14.29;2.57;429;1714;21.43;0;0;0
"757988 FALSE";29;135;20.1;0;5.5;4.4;3.3;0.8;186;171;4.3;0;0;3
"758012 TRUE";39;185;23;0;4.6;9.3;1.1;0.9;305;482;4.7;0.2;0;0
"758034 FALSE";32;172;19.9;0;2.1;8.1;1.4;1.2;108;201;5.6;0;0;2
"758036 FALSE";28;95;12.2;0;3.1;4.4;0.7;1.4;139;176;3.6;0;0;24
"758038 FALSE";26;130;17.5;0;2.2;5.4;0.9;1;153;223;3.2;0;0;7
"758040 TRUE";80;158;18.1;1;6.8;5.8;0.8;1.5;321;452;14.1;0.1;0;0
"775912 FALSE";0;107;0;45;0;1.79;0;0;0;750;23.21;0;0;0
"796437 FALSE";0;107;0;18;0;5.36;2.68;0;0;1071;14.29;0;0;0
"808738 FALSE";0;89;5.36;45;0;1.79;0;0;170;571;14.29;0;893;0
"808740 FALSE";0;89;1.79;62;0;1.79;0;0.64;188;554;17.86;0;0;0
"810426 FALSE";0;155;4.76;54;0;8.33;2.38;0;0;1155;16.67;0;0;0
"818216 FALSE";0;304;1.79;71;0;26.79;10.71;0;0;1286;14.29;0;0;0
"841642 FALSE";0;500;0;125;0;40;12.5;0;0;1900;30;0;0;0
"896456 FALSE";85;168;7.08;0;5.3;11.5;0.88;1.77;457;372;12.39;0;0;0
"896460 FALSE";84;156;5.56;0;5.6;7.78;1.11;2.22;350;367;15.56;0;0;0
"901578 TRUE";27;227;34.67;0;8;9.33;1.33;1.6;133;520;5.33;0;0;0
"915914 TRUE";68;216;6.82;0;1.1;11.36;1.14;2.27;318;614;23.86;0;0;0
"915950 TRUE";68;216;6.82;0;1.1;11.36;1.14;2.27;330;614;22.73;0;0;0
"938150 FALSE";21;84;20;0;1.3;0.56;0.17;200;0;745;1.51;0;0;0
"938164 FALSE";0;106;10.79;0;3;5.9;5.07;0;0;390;2.4;0;0;0
"948914 FALSE";0;0;0;227;0;45.45;18.18;0;0;2545;27.27;0;0;0
"948916 FALSE";0;0;0;227;0;45.45;18.18;0;0;2545;36.36;0;0;0
"958277 FALSE";118;153;2.35;0;0;9.41;1.76;2.12;0;18;15.29;0;0;0
"965887 FALSE";0;161;0.89;71;0;8.93;2.23;0.62;0;188;20.54;0;0;0
"969861 FALSE";0;116;1.79;40;0;4.46;1.79;0.32;0;491;17.86;0;0;0
"969963 FALSE";0;107;0;0;0;3.57;1.34;0.32;0;241;17.86;0;0;0
"969999 FALSE";0;116;0;40;0;4.46;1.79;0.32;0;455;18.75;0;0;0
"970023 FALSE";0;143;0.89;49;0;8.04;2.68;0.32;0;420;16.07;0;0;0
"970083 FALSE";0;152;0.89;54;0;8.93;3.57;0.64;0;420;16.07;0;0;0
"975119 FALSE";0;232;1.79;98;0;14.29;7.14;0;0;875;25;0;0;0
"988355 FALSE";18;115;3.54;53;0;1.33;0;0.64;0;469;21.24;0;0;1.1
"1009119 FALSE";0;333;0;53;0;29.82;6.14;0.63;0;684;14.04;0.88;0;2.1
"1022913 FALSE";25;325;5;81;0;23.75;8.75;0.9;0;1088;21.25;0;625;0
"1022915 FALSE";25;325;3.75;81;0;25;8.75;0.9;0;1100;21.25;0;125;0
"1023683 FALSE";18;176;16.47;53;0;4.71;0.59;1.18;266;518;17.65;0;0;0
"1024627 FALSE";0;545;9.09;182;0;40.91;13.64;3.27;0;2273;27.27;0;0;0
"1026775 FALSE";25;321;3.7;80;0;24.69;8.64;0.89;0;778;20.99;0;123;0
"1028821 FALSE";0;107;0;49;0;1.34;0.45;0.32;0;62;23.21;0;0;0
"1029641 FALSE";0;89;1.79;36;0;1.79;0;0.64;0;804;17.86;0;0;0
"1029783 FALSE";0;161;1.11;56;1.1;12.22;4.44;0;0;383;14.44;0;0;0
"1030923 FALSE";0;500;15;150;0;35;12.5;1.8;0;2800;25;0;0;0
"1032377 FALSE";42;198;12.5;0;2.1;12.5;1.04;1.67;271;375;8.33;0;0;0
"1035691 FALSE";133;200;1.67;92;0;16.67;5;1.8;0;1017;11.67;0;333;0
"1039037 FALSE";36;327;1.82;91;0;25.45;9.09;0.65;0;836;21.82;0;0;0
"1040041 FALSE";18;179;0;89;0;13.39;3.57;1.29;0;143;14.29;0;89;1.1
"1040043 FALSE";71;196;0;107;0;12.5;3.57;3.21;0;786;23.21;0;0;2.1
"1040045 FALSE";0;196;1.79;58;0;14.29;5.36;0.64;0;312;16.07;0;0;0
"1041635 FALSE";80;240;8;80;0;18.67;6;1.92;0;840;10.67;0;0;0
"1041929 FALSE";0;615;0;77;0;53.85;19.23;2.77;0;1769;23.08;0;0;0
"1042843 TRUE";0;240;13.75;0;9.4;15.25;2.62;3.25;0;618;12.88;0;0;0
"1042845 FALSE";0;367;20;0;8.8;24;3.67;0;0;1138;13.5;0;0;0
"1043199 FALSE";38;283;1.89;57;0;24.53;11.32;1.36;0;849;11.32;0;189;0
"1044195 FALSE";1;179;0;58;0;13.39;5.36;0.89;0;982;13.39;0;0;0
"1044205 FALSE";9;143;0;58;0;7.14;3.12;1.79;279;982;17.86;0;0;0
"1045027 FALSE";24;143;4.76;60;0;3.57;1.19;2.14;0;476;20.24;0;0;0
"1046613 FALSE";0;321;0;54;0;26.79;10.71;1.29;0;625;19.64;0;0;0
"1048043 FALSE";0;289;0;56;0;22.22;8.89;1.6;0;644;15.56;0;0;0
"1048175 FALSE";0;179;8.93;54;0;8.04;2.68;0.64;0;1054;16.07;0;0;0
"1048617 FALSE";7;467;0;100;0;46.67;16.67;0;240;1067;13.33;0;0;0
"1048859 FALSE";75;248;3.54;66;0;19.47;8.85;0.88;210;938;15.93;0.44;0;0
"1049191 FALSE";143;500;0;107;0;35.71;17.86;0;0;1786;42.86;0;0;0
"1056949 FALSE";0;116;3.57;45;0;3.57;1.34;0.64;0;357;17.86;0;0;0
"1060005 FALSE";0;196;0;54;0;15.18;6.25;1.29;0;982;13.39;0;0;0
"1060135 FALSE";0;232;0;67;0;15.18;5.36;1.29;0;982;15.18;0;0;0
"1063197 FALSE";0;161;0;71;0;8.93;1.79;1.29;0;714;21.43;0;0;0
"1063515 FALSE";0;89;1.79;54;0;0;0;0;0;482;17.86;0;0;0
"1063533 FALSE";0;107;0;54;0;1.79;0;0;0;518;21.43;0;0;0
"1063601 FALSE";36;327;1.82;91;0;25.45;9.09;0.65;0;836;21.82;0;0;0
"1063609 FALSE";31;297;1.56;86;0;23.44;7.81;0.56;0;859;20.31;0;0;0
"1063713 FALSE";14;129;2.86;50;0;5;0.71;0.71;418;321;16.43;0;0;0
"1063725 FALSE";14;136;3.57;50;0;5.71;3.57;0.71;409;300;16.43;0;0;0
"1063895 FALSE";28;254;1.41;63;0;21.13;7.04;2.03;0;676;12.68;0;0;29.6
"1064287 TRUE";0;292;19;0;4.6;18;7.1;0;0;480;11.2;0;0;0
"1065193 FALSE";11;134;0;71;0;5.36;1.34;0.89;218;170;21.43;0;0;0
"1065199 FALSE";11;134;0;71;0;5.36;1.34;0.89;218;170;21.43;0;0;0
"1065333 TRUE";144;141;7.04;0;5.6;2.11;0;4.23;239;479;22.54;0;0;0
"1065337 TRUE";144;141;8.45;0;5.6;1.41;0;4.23;211;451;22.54;0;0;0
"1065869 FALSE";1;196;0;54;0;15.18;6.25;0.89;213;982;13.39;0;0;0
"1066887 TRUE";0;342;20.8;0;10.1;18.4;8.32;0;0;1050;18.24;0;0;0
"1066899 FALSE";0;170;0;45;0;9.82;3.57;1.61;0;54;20.54;0;0;0
"1066967 FALSE";25;312;2.5;62;0;26.25;8.75;0.45;0;750;15;0;0;0
"1067043 FALSE";107;150;5;61;0.7;5.71;2.86;0.77;0;350;20;0;714;1.7
"1067121 FALSE";132;305;0.66;76;0;26.49;10.6;1.99;244;305;17.88;1.66;0;0
"1067461 FALSE";0;467;0;67;0;33.33;13.33;0;0;3000;40;0;0;0
"1076721 FALSE";0;107;3.57;45;0;2.68;0.89;0.64;0;643;16.07;0;0;8.6
"1079263 FALSE";21;254;0;70;0;19.72;7.75;1.9;268;67;16.9;1.06;0;0
"1085631 FALSE";0;500;0;111;0;38.89;13.89;0;0;2222;33.33;0;0;0
"1090431 FALSE";15;462;7.69;77;0;34.62;11.54;0;338;1769;46.15;0;0;0
"1090541 FALSE";0;89;3.57;36;0;0.45;0.45;0.32;0;366;18.75;0;0;1.1
"1093525 FALSE";0;571;0;71;0;42.86;17.86;0;0;2214;35.71;0;0;0
"1096391 FALSE";0;63;20.77;0;0.9;0;0;0;0;0;0;0;0;0
